{"cameraMode":{"drawMode":0,"name":"Shaded","section":"Shading Mode"},"sceneLighting":true,"audioPlay":false,"sceneViewState":{"m_AlwaysRefresh":false,"showFog":true,"showSkybox":true,"showFlares":true,"showImageEffects":true,"showParticleSystems":true,"showVisualEffectGraphs":true,"m_FxEnabled":true},"in2DMode":false,"pivot":{"x":441.68170166015627,"y":-7.107268810272217,"z":908.7857055664063},"rotation":{"x":-0.016811374574899675,"y":-0.000049404825404053554,"z":0.00009775676153367385,"w":-0.9999819993972778},"size":267.76849365234377,"orthographic":false}