{"cameraMode":{"drawMode":0,"name":"Shaded","section":"Shading Mode"},"sceneLighting":true,"audioPlay":false,"sceneViewState":{"m_AlwaysRefresh":false,"showFog":true,"showSkybox":true,"showFlares":true,"showImageEffects":true,"showParticleSystems":true,"showVisualEffectGraphs":true,"m_FxEnabled":true},"in2DMode":false,"pivot":{"x":445.38946533203127,"y":12.847023010253907,"z":375.3885192871094},"rotation":{"x":0.16793258488178254,"y":0.2697584927082062,"z":-0.04785811901092529,"w":0.9470715522766113},"size":6.166893005371094,"orthographic":false}